,Tweet
0,New Twitter Old Twitter Change mind
1,RT LWCnewswire Because owe top ten blogposts week Thank choosing Louder
2,Another bites dust
3,Well aged poorly BuzzFeed
4,This sad But wrong
5,RT LWCnewswire Grab popcorn
6,elonmusk Objective truth
7,TwitterFiles shows Twitter employees created blacklists effort silence tweets users viewpoints disagreed This fascism
8,Here footage worst exchange history exchanges BrittneyGriner ViktorBout Russia
9,This perfect entitlement putting Americans risk We set world dangerous arms dealer free Brittney Griner bothered day THC oil
10,Why I feeling President Trump office handled Kari Lake BrittneyGriner ViktorBout Russia
11,We LIVE KariLake
12,This deal shameful United States BrittneyGriner
13,We LIVE
14,This traded WNBA player Needless BrittneyGriner ViktorBout
15,What happened person left
16,This big
17,Brittney Griner freed amp Joe Biden sold America Who Merchant Death traded We amp And SPECIAL GUEST Kari Lake update Arizona Tune WNBA
18,We diving Brittney Griner trade today 10am EST 7am PST YouTube amp Rumble Tune
19,Enough BrittneyGriner
20,Wikipedia working overtime remove factually verifiable information
21,Big Tech ALWAYS bed government These platforms private companies dummy
22,RT LWCnewswire Funny works
23,Defunding FBI absolutely If I hate break moron
24,Louder Crowder aka Dave amp Gerald Iran morality police story wrong Including New York Times
25,RT LWCnewswire Congratulations Volodymyr Zelinsky named Person Year TIMEPOYHere playing piano p
26,There real crisis Georgia Warnock beat Walker
27,Volodymyr Zelensky named Time Magazine Person Year joining luminaries Adolph Hitler Joseph Stalin But Also Wikipedia exposing progressive tendencies And Elon Musk fired Tune
28,If Person Year Time Magazine
29,To watch full thoughts Twitter files check video
30,I love Elon exposed Biden administration TwitterFiles
31,Would love defend
32,Serious question Ye benefit presence Nick Fuentes
33,I Nick Fuentes homosexual Alex Jones
34,I Nick Fuentes Nazi lover real creepy factor Hitler stuff
35,Full interview
36,Quite possibly EPIC rant Alex Jones
37,Alex Jones LIVE Tune
38,I hope ALL find common ground
39,Twitter Elon bother investigate Hunter Biden laptop story sheer possibility real scared crap
40,Being masculine toxic
41,The left obsessed feminizing
42,This mad Conservatives siding Kanye West
43,Where Adolf Hitler ranks terms worst dictators history
44,We Alex Jones EXCLUSIVE interview amp breaking silence viral Kanye West Nuff We covering Twitter Files Tune
45,EXCLUSIVE We Alex Jones show today give inside scoop happened amp viral interview Kanye West Ye amp Nick Fuentes Tune 10 EST 7am PST You miss
46,Someone LandauDave
47,EXCLUSIVE footage Elon Musk addressing Ye claims
48,It Ye wore Kim Kardashian Balenciaga outfit Info Wars
49,Kanye West Ye calls Elon Musk Chinese hybrid experiment What time alive
50,According Kanye West Elon Musk half Chinese guy But spoiler alert ISN T Musk dependent China Also Balenciaga scandal manages gross Starting
51,Tune show today 10 EST 7 PST
52,On scale 1 10 crazy Ye appearance Alex Jones
53,elonmusk Surprised Twitter implode half staff MSM told Shocker
54,Wow What close tour
55,The fastest feet LandauDave
56,Baltimore ready
57,Appreciate single person It great show
58,Packed house Baltimore tonight
59,elonmusk Is Part 2 spicy Part 1
60,POTUS You
61,Jersey electric night Thank single person Baltimore I hooligans tonight Lyric
62,You welcome guest debate position segment entire context Secular humanists observant Jews Hollywood secularism problem Not Judaism Your move
63,You misquoted Is question SECULAR HUMANISTS Hollywood Jewish names exploiting performing arts Yeah And Conservative side meaning jewish Was Thursday I stand
64,elonmusk happened Twitter
65,Thank New Jersey
66,Jersey electric tonight
67,Jersey showed full force
68,elonmusk Hell
69,elonmusk reveal Twitter suppressed Hunter Biden laptop story today This interesting
70,Jersey I I smell factory fumes state But nonetheless I slightly nutty hooligans Count Basie Center Arts tonight
71,College nowadays glorified alcoholism
72,Hey Baltimore I city THIS SATURDAY I minute tickets available If interested grab I
73,Student loan forgiveness summed Take money trade school graduates pay chose 4 year college amp job decided major Gender Studies
74,The wealth transfer taking place force
75,Glad Bill Clinton great COVID
76,Young hear live life parents make choices The answer government responsibility
77,Elizabeth Warren hypocrite silence political opponents
78,Know family Christmas I happy Email story amp contact information Crowderchristmas louderwithcrowder
79,Elizabeth Warren misses irony latest attack Elon Musk We discuss government Apple latest attempt stifle free speech Also soccer team share winnings women team reason Tune
80,LOL We exposing nonsense today 10am EST 7am PST Tune
81,We knew day eventually Liver King
82,I amp I free speech exist country United States
83,Drew Barrymore encouraged champagne 10 years adults Hollywood amp rehab 12 years
84,Please share lies truth BalenciagaGate
85,Kim Kardashian coward standing child pornography BalenciagaGate
86,This destroyed Twitter
87,The Liver King steroids time Who knew
88,What Balenciaga gross disgusting part leftist RULE pedophilia instead exception We deep controversy And Liver King steroids Who knew
89,I hunch Instagram shadow banning posts amp allowing users tag story So watching today episode tag amp working
90,We talking today 10 EST 7am PST Tune
91,Well weird But virtue signaling celeb bites dust Musk Twitter
92,Now Twitter stopped enforcing COVID misinformation policies I finally vaccine work masks useless amp lockdowns harm Thank coming TED talk
93,Big Tech amp White House terrified Elon Musk
94,Historically Apple anti free speech
95,Ye exploited
96,Ye pawn guys
97,My biggest issue left
98,Ye Kanye West sat Tim Pool discuss recent controversies Instead discussion Ye upset amp walked We latest Also Apple White House HATE free speech Tune
99,Will talking today amp Tune 10 EST 7am PST
